1dz9_addh_nohet_fixmer_0.top ,1jfb_addh_nohet_fixmer_0.top ,1ued_addh_nohet_fixmer_0.top ,1z8o_addh_nohet_fixmer_0.top ,2ciw_addh_nohet_fixmer_0.top ,2d09_addh_nohet_fixmer_0.top ,2nnj_addh_nohet_fixmer_0.top ,2rfb_addh_nohet_fixmer_0.top ,2ve3_addh_nohet_fixmer_0.top ,2w0b_addh_nohet_fixmer_0.top ,2wm4_addh_nohet_fixmer_0.top ,2x5l_addh_nohet_fixmer_0.top ,2xkr_addh_nohet_fixmer_0.top ,2z3t_addh_nohet_fixmer_0.top ,2zqx_addh_nohet_fixmer_0.top ,3aba_addh_nohet_fixmer_0.top ,3abb_addh_nohet_fixmer_0.top ,3b4x_addh_nohet_fixmer_0.top ,3c6g_addh_nohet_fixmer_0.top ,3cv8_addh_nohet_fixmer_0.top ,3mgx_addh_nohet_fixmer_0.top ,3nc3_addh_nohet_fixmer_0.top ,3r9b_addh_nohet_fixmer_0.top ,3rwl_addh_nohet_fixmer_0.top ,3s79_addh_nohet_fixmer_0.top ,3t3z_addh_nohet_fixmer_0.top ,3tbg_addh_nohet_fixmer_0.top ,3vm4_addh_nohet_fixmer_0.top ,3vrm_addh_nohet_fixmer_0.top ,3wsp_addh_nohet_fixmer_0.top ,3zkp_addh_nohet_fixmer_0.top ,4c28_addh_nohet_fixmer_0.top ,4e2p_addh_nohet_fixmer_0.top ,4eji_addh_nohet_fixmer_0.top ,4ep6_addh_nohet_fixmer_0.top ,4g3j_addh_nohet_fixmer_0.top ,4ggv_addh_nohet_fixmer_0.top ,4l0f_addh_nohet_fixmer_0.top ,4l6g_addh_nohet_fixmer_0.top ,4mm0_addh_nohet_fixmer_0.top ,4nz2_addh_nohet_fixmer_0.top ,4tt5_addh_nohet_fixmer_0.top ,4tvf_addh_nohet_fixmer_0.top ,4ubs_addh_nohet_fixmer_0.top ,4yt3_addh_nohet_fixmer_0.top ,4yzr_addh_nohet_fixmer_0.top ,5dqn_addh_nohet_fixmer_0.top ,5foi_addh_nohet_fixmer_0.top ,5hdi_addh_nohet_fixmer_0.top ,5hiw_addh_nohet_fixmer_0.top ,5l1s_addh_nohet_fixmer_0.top ,5l92_addh_nohet_fixmer_0.top ,5o4k_addh_nohet_fixmer_0.top ,6b11_addh_nohet_fixmer_0.top ,6cr2_addh_nohet_fixmer_0.top ,6fyj_addh_nohet_fixmer_0.top ,6g5o_addh_nohet_fixmer_0.top ,6gk5_addh_nohet_fixmer_0.top ,6mcw_addh_nohet_fixmer_0.top ,6u30_addh_nohet_fixmer_0.top 
0.0,0.08305093907848758,0.11221854056299094,0.05002872772707226,0.05046316620248055,0.060253308321705196,0.06619407505969539,0.12314839897112305,0.03524603030973526,0.024402728449803908,0.05803554582334762,0.056522799890216545,0.09366902134346783,0.10116138516486327,0.07352041357197805,0.025209590650229246,0.058696563162774655,0.01823474105793775,0.05502090796891405,0.04863215853493088,0.11697420757911972,0.05160138849925145,0.03893410082515905,0.04682574087222641,0.14211676468441406,0.04231535004382139,0.05626781692209804,0.04519202520621685,0.042328185949805926,0.026537826073585822,0.03559757001497993,0.025744752043361286,0.07111342520890362,0.05616592149174855,0.07476731787472579,0.03225062364326335,0.025482082092529543,0.06211165626070895,0.03750784399973549,0.029046957557132737,0.057420783893604804,0.0724816392832641,0.0379128409422727,0.04760076412408639,0.05353754382893205,0.03603151749528298,0.04787732977851567,0.053816229715112594,0.06985434899803895,0.0816418494872405,0.07450092325211972,0.03640578060060135,0.022806611052296262,0.05161618337328759,0.0841828115112123,0.04372509062427534,0.05875475529796904,0.025498366431085714,0.050939153824480235,0.022648775027439772
0.08305093907848758,0.0,0.05580337518240397,0.049174362015892197,0.08240363111725481,0.0710839573881252,0.07224437490232488,0.06281510429137276,0.06707799317876016,0.08110671362187206,0.061722503013339196,0.07392441574474486,0.05700954293876353,0.03860471031737303,0.023275572487353995,0.06222619257025593,0.04303078162494494,0.07743379534308598,0.07435868385068316,0.04515589786110927,0.08895251194432892,0.08059789680326146,0.057463393889412816,0.07600649947956942,0.057877669890906314,0.09074098670105943,0.06688141458616242,0.047461556301667866,0.04954556791989227,0.09685830400566912,0.08791483454389384,0.0720645610122401,0.09753019703998814,0.09958957183199986,0.04911102664621621,0.0856245107677006,0.08635657377163113,0.06575341501498862,0.06030806245848376,0.06792887250736084,0.06721613145776324,0.06708007399080869,0.07007075448731152,0.051050973600538146,0.061394750263867336,0.04935683145995599,0.06425177910221264,0.06258880637486204,0.04766382687315034,0.06470236530334789,0.08134088153654308,0.0655924510255468,0.07069138559412073,0.05321294070390515,0.06480114055612055,0.04423705232566675,0.06768990626480882,0.06980586995309317,0.12372398741924143,0.07395226622889019
0.11221854056299094,0.05580337518240397,0.0,0.07952891816446724,0.08488192487914098,0.10207721813216727,0.051982572263542415,0.01694009105150638,0.09011164937882436,0.0983463891285296,0.06484388815213701,0.0586747588663143,0.018472077943742584,0.04398235779807065,0.06290467046478503,0.08577515141953851,0.041205622910107396,0.10046485703926598,0.07865879626425153,0.08840858075494268,0.04080785773271153,0.08788157312314546,0.08960970356004325,0.06190490539798272,0.050161642969037544,0.10988474772667144,0.05034984511798003,0.10352576082031284,0.06373517940384767,0.10663948169232089,0.07309967573954897,0.08443952621297887,0.056786844958737696,0.10821382109433873,0.09601924101658071,0.09520059786753533,0.1158973653783224,0.05216288225540099,0.11224189105544892,0.08241427776607589,0.05357889310035017,0.08329288296158921,0.08270148491903737,0.08649304756469557,0.04383395263235379,0.06734315961652819,0.06266861215288475,0.07826268515952245,0.045384647195455666,0.03789492485249725,0.0931881163843318,0.09249159338486508,0.10366451396835026,0.08513690805121393,0.06298577573684687,0.08201795524062391,0.050396099212683114,0.09786564669580294,0.1156625460748832,0.09847909395198894
0.05002872772707226,0.049174362015892197,0.07952891816446724,0.0,0.06760945539686712,0.028558478387848214,0.04972465906109969,0.07959850345481323,0.06310690030995376,0.053165328328329695,0.048155226110035865,0.049147905587037896,0.06701514738993875,0.045833898588710564,0.042456743728486235,0.04300706143299794,0.03929918074051925,0.041908310018755994,0.05037616966286812,0.028433188570615966,0.09337540782308326,0.056322001703299526,0.03848543403789096,0.0433825571757357,0.07166404008567433,0.0694789158492789,0.04559880542043726,0.03816254584171928,0.039946759126354016,0.06332602126183474,0.048656927433180536,0.05396677996051194,0.0583230697447366,0.0736393872291833,0.02127037985461062,0.06911532236271324,0.04438492695027337,0.03463532977355511,0.04707687629294958,0.0246743961136845,0.04390771104176473,0.03923347664887779,0.040390860341038747,0.049214896806677934,0.03967727378955923,0.028069074874717177,0.028425656778244473,0.048437368704680815,0.03189055437204972,0.043446922509998626,0.043898740789260184,0.04195379652162049,0.050277833037542616,0.054163202919526414,0.05772601461000615,0.029242738498372285,0.04679142016772246,0.046775909307385434,0.11105593447209205,0.04135761692333719
0.05046316620248055,0.08240363111725481,0.08488192487914098,0.06760945539686712,0.0,0.07748096996562762,0.0626555259995921,0.09083880438431187,0.035106253999825705,0.03817345653356695,0.033731279770649616,0.04912937233350455,0.06290626407447247,0.07465426215079525,0.0693776216444705,0.030931215669447377,0.04807792442874503,0.04280160720495209,0.025387405992320245,0.04864652576748004,0.07504141335713638,0.0743188343461517,0.0371515464223386,0.040519284403316015,0.11257917849126496,0.03700802694182158,0.044061360227147586,0.07723514492485856,0.02968450049134075,0.04510521609909098,0.03566310892719626,0.028396724878417642,0.062238844628025244,0.040106814795846726,0.0924065754249485,0.02228758796554741,0.06793155123246886,0.05932740684076676,0.07412453579258661,0.04396061965616255,0.05282404628447096,0.06093264418206953,0.04274848593465578,0.03794672371199251,0.04393253899552904,0.0332413465354452,0.056458528232136096,0.031146641656755722,0.06931476134227688,0.06445687873041518,0.0675790144944877,0.03655430451620599,0.05349677178654148,0.03297511371347475,0.042105063157028985,0.05195953867870617,0.04927087707487711,0.03462603221262424,0.07700837620464804,0.04453227285472326
0.060253308321705196,0.0710839573881252,0.10207721813216727,0.028558478387848214,0.07748096996562762,0.0,0.04787514883268796,0.10073898501660375,0.06230235328104617,0.040154604330944685,0.05049341867654968,0.051933915648476756,0.07696011599681621,0.06796065339118146,0.07032375232430661,0.047904112270082004,0.04652648766082091,0.04476029803013527,0.04727825369062967,0.04357640999177751,0.11778673254507645,0.04633441055985188,0.038317430902079244,0.04046324957140274,0.09961782702631258,0.07542672325237426,0.048589179105704094,0.05113540296243666,0.0424256087206071,0.06662006337486902,0.05492473908975843,0.06302674332912561,0.0594235477373843,0.06372851211966468,0.03902310173995383,0.07462955337048854,0.054517691268669385,0.04022318607482449,0.05036030872478773,0.04364752019084707,0.042652729045053406,0.04061161975793009,0.042787817564469394,0.07130095828293004,0.04694910960058148,0.032535764440629875,0.031247839955133475,0.05944763522021907,0.042328269100162255,0.04893827588309255,0.04460151822749091,0.03939908744319809,0.045424803419489325,0.07264697140658789,0.06715564826521217,0.025743218201128525,0.05095448255639511,0.04856851972988746,0.10918243249939748,0.036704244497546994
0.06619407505969539,0.07224437490232488,0.051982572263542415,0.04972465906109969,0.0626555259995921,0.04787514883268796,0.0,0.04664090313640526,0.06768496777129274,0.047929996737082856,0.037739264939120755,0.03554311455113969,0.03332231035888558,0.05787206088837164,0.06438865117181754,0.05055310313623496,0.025053685787200006,0.057387343567767486,0.04041500864348097,0.06707194444050195,0.06226840546105621,0.056189100609510934,0.056191363523877116,0.031939874656611994,0.06745980929190663,0.06671008682726037,0.013903405319001987,0.0717331820995915,0.04030085436144587,0.07065657616582116,0.03997967281374621,0.052708628152827515,0.027869939244633272,0.06437155952639449,0.05796216707517805,0.06368611596587752,0.07566019188939367,0.021762379931470746,0.07128860894734432,0.05411940215335423,0.018396094038602498,0.049679312624558325,0.046244323010117966,0.06791412957624357,0.02871609772765383,0.03342643235134141,0.02810213650699316,0.056536720662377415,0.029955875458597375,0.02156448307581707,0.05115968743650978,0.05540103378326009,0.06573439272216977,0.06706458161811547,0.05332014990753607,0.04798511155620421,0.03099194616766568,0.063414888256099,0.09248617432822238,0.056928585089398194
0.12314839897112305,0.06281510429137276,0.01694009105150638,0.07959850345481323,0.09083880438431187,0.10073898501660375,0.04664090313640526,0.0,0.10603252092765801,0.10436848694478211,0.06709811399035243,0.06925912799192513,0.01593131239763586,0.03952714556843896,0.070889351356908,0.08823850195849059,0.04297577036560854,0.10912665802969053,0.07435624066860211,0.09173442308957488,0.03534049267441514,0.10758865914266606,0.09047914469040716,0.06997498771273955,0.035918484331738505,0.10712136473971043,0.049439036394693756,0.11323032337990585,0.07332929691659237,0.12212500793652385,0.0817484882077129,0.0900700772758827,0.05635911638233257,0.10140825344597239,0.08743695916344572,0.10220166461990585,0.12863107081883485,0.04558648014375362,0.12617995088960068,0.09120318691126512,0.057920542987987676,0.0690732279688515,0.0948559930120092,0.08233036622044865,0.04643980387508918,0.06551933432849823,0.07170406303817434,0.07529681786348834,0.04899968819931443,0.03205365918404769,0.0772653142782703,0.0946879261368632,0.12141685839847041,0.08191545980471521,0.055758018800628695,0.0905618093337427,0.050674689563824545,0.10811518886321679,0.1423720253041291,0.11130886459218159
0.03524603030973526,0.06707799317876016,0.09011164937882436,0.06310690030995376,0.035106253999825705,0.06230235328104617,0.06768496777129274,0.10603252092765801,0.0,0.029028421747411166,0.03621278251421105,0.041112367237401866,0.07058905720202549,0.0885809958120341,0.06110202190410406,0.025013107466622695,0.04952576548434094,0.0317920661234116,0.04572077353861215,0.039736952683515486,0.0981051787438991,0.04542511836343931,0.02994113584882721,0.03883477042876736,0.13608637081804795,0.058207069440639324,0.051338488629332636,0.05124799099224887,0.0213990064506399,0.031270767921078316,0.039325635093773854,0.029313984496602018,0.0814099641447368,0.06184836511101,0.09105487466972374,0.027991239708421028,0.046154599857908776,0.0685739264396779,0.03831712112862462,0.04108057497402511,0.05283537913123583,0.07408417684049973,0.027346307274149564,0.05002847878242528,0.04582378384327132,0.03258351929074179,0.047379402096012914,0.035969636036559054,0.06686693177030122,0.07163698130177464,0.08384580993880104,0.032982518757824104,0.02441577346465755,0.048706559828519805,0.0706449261246721,0.029940604882515206,0.0547004118441248,0.019668288821492668,0.046571019155786986,0.01967820661802895
0.024402728449803908,0.08110671362187206,0.0983463891285296,0.053165328328329695,0.03817345653356695,0.040154604330944685,0.047929996737082856,0.10436848694478211,0.029028421747411166,0.0,0.036417663938781965,0.04307349427159447,0.07228277990572528,0.08422933164058494,0.07632579879317074,0.020254711514538754,0.046181176419261866,0.02340715367580152,0.028189108438326435,0.04322103081417635,0.10648349856900233,0.04129509154222163,0.029522079720055914,0.0289895070788545,0.12400918734525437,0.03338706350462126,0.039393156583124436,0.06024278706728016,0.030581770142383682,0.03359198489711996,0.03139601667005092,0.0216076215276706,0.05288355176227237,0.03072818875654742,0.07699853579405394,0.024737827031781755,0.03981480158501393,0.04612227439539424,0.04630592442522426,0.03266204258384811,0.041898126152866005,0.04950779725251464,0.03242063174097252,0.04716618614794185,0.03536553337861056,0.022898683562672113,0.03911538247147099,0.04074691395075149,0.061267875468674744,0.06045779524070914,0.05220980409146742,0.022125260134562928,0.023205776443806902,0.0470261751988742,0.05833269325009743,0.034431370623652514,0.039301038248749504,0.021516443897177964,0.05140643014267469,0.01625597122268275
0.05803554582334762,0.061722503013339196,0.06484388815213701,0.048155226110035865,0.033731279770649616,0.05049341867654968,0.037739264939120755,0.06709811399035243,0.03621278251421105,0.036417663938781965,0.0,0.038166979675060386,0.044025418489516466,0.05320771265028633,0.05617530605233719,0.02813365365850588,0.030002825542595864,0.04553668434058851,0.02451349048860593,0.0330583997467116,0.06917091564693258,0.06655948649855094,0.029987282600646183,0.02945023391441445,0.0899179329943373,0.05812987478893086,0.026352552654423725,0.06431843979972948,0.020395062576203663,0.05761600871066319,0.0364907205476561,0.03604910600592615,0.05403723176640726,0.04970493147392728,0.06558006792828233,0.036724492368516076,0.06256277195325896,0.032831437526404154,0.06011514638679463,0.03732973836007169,0.029643324858129694,0.046816266445393134,0.033310742667992804,0.04603960322769317,0.02752338702717082,0.018753014374741347,0.03852750575196981,0.03301520517015839,0.04019992723445318,0.036771064322584514,0.0522640163276394,0.03582089493905412,0.053307675019503294,0.041973796527208874,0.03858926758243073,0.02846991242667539,0.03329061373950104,0.037207006925546585,0.0835211373461951,0.04078315492691528
0.056522799890216545,0.07392441574474486,0.0586747588663143,0.049147905587037896,0.04912937233350455,0.051933915648476756,0.03554311455113969,0.06925912799192513,0.041112367237401866,0.04307349427159447,0.038166979675060386,0.0,0.04493421766870294,0.07907548122572723,0.06411848531134907,0.041608672096089115,0.02584542526634687,0.04624093586032008,0.04906179136688173,0.059347986717560405,0.07298991724459884,0.03068035593923204,0.04762649994083888,0.01858160792322183,0.10477624385524241,0.07267847185905639,0.02708863423742492,0.059330721127762734,0.027163847511044663,0.04833392864686604,0.034298768297624946,0.04194414786165596,0.03660425619018175,0.07643644046620396,0.08024480604753051,0.05389689772375412,0.05742310150890272,0.036486144357979325,0.053573634983040117,0.03951257856517091,0.021680852377044472,0.0745077694193585,0.022255985198781213,0.06559029873245403,0.029226145768175504,0.03878244380523225,0.01588831550163074,0.054869981507563434,0.02848488132002173,0.03695011697532351,0.07695500446754705,0.04848444054419447,0.04449124182868263,0.06628731063526473,0.06562121090788078,0.04045840086766306,0.03575436174705217,0.03974644930835766,0.06283967513025195,0.03692201559617427
0.09366902134346783,0.05700954293876353,0.018472077943742584,0.06701514738993875,0.06290626407447247,0.07696011599681621,0.03332231035888558,0.01593131239763586,0.07058905720202549,0.07228277990572528,0.044025418489516466,0.04493421766870294,0.0,0.04065302930840079,0.06174071492424711,0.0630017299916297,0.029089434491009973,0.07973203996294755,0.052321739581635766,0.07471997037943943,0.035666274168975096,0.07663107537759255,0.06774237434817457,0.04428270668964964,0.05011635595427676,0.0853854255108623,0.03354513016223495,0.09253684443141096,0.045786235097359046,0.08919732229818178,0.0563233111696984,0.06689683025663548,0.040455030282522696,0.07837422396518176,0.07859569915509437,0.07255913966927728,0.10059821230905944,0.0344676224069938,0.09502486857599468,0.06987387688701324,0.039783911245643684,0.05644102442129416,0.06801245038516668,0.06901709545692983,0.029275571810980984,0.04402999523707526,0.04854766543872935,0.057422232202295156,0.035905026940249114,0.020527471920599137,0.06672342369583863,0.06897672150625865,0.08790377293178105,0.0682807042652809,0.04584024960548583,0.0641820210504446,0.033155540464870153,0.07527824688529171,0.10701576721530179,0.07840988368106053
0.10116138516486327,0.03860471031737303,0.04398235779807065,0.045833898588710564,0.07465426215079525,0.06796065339118146,0.05787206088837164,0.03952714556843896,0.0885809958120341,0.08422933164058494,0.05320771265028633,0.07907548122572723,0.04065302930840079,0.0,0.04042749678482981,0.06999137587947812,0.04250753592475691,0.0827688041505386,0.051850856090617216,0.048389180997503195,0.07062611464266527,0.1059604378012717,0.06233771982532042,0.06780386188381199,0.02306333216902383,0.08170256317833582,0.054457783842364535,0.0824669950023085,0.05871665197888868,0.107927194330949,0.07580611291727082,0.0774950585999876,0.07209697434581411,0.07724922304947543,0.04082704588369353,0.09026225982276681,0.1079440112044865,0.04775301312753377,0.09967840121029285,0.06862622895552103,0.05781510922850467,0.03181398092623054,0.08388520773780776,0.05390053673481458,0.0480946807448634,0.04345745229555418,0.0647525206020246,0.04368081319340618,0.04809278327654068,0.0382492354113096,0.04470772991590516,0.06196766348582037,0.09672858057997705,0.053607691312308484,0.0325865988639105,0.06020820304641122,0.05294061547449895,0.08426124219952834,0.15360902491098874,0.0881036662824833
0.07352041357197805,0.023275572487353995,0.06290467046478503,0.042456743728486235,0.0693776216444705,0.07032375232430661,0.06438865117181754,0.070889351356908,0.06110202190410406,0.07632579879317074,0.05617530605233719,0.06411848531134907,0.06174071492424711,0.04042749678482981,0.0,0.057169340462309315,0.03938048085156959,0.06522154771200607,0.06946704491228152,0.04003144355287298,0.09123180994343232,0.07344823993300004,0.05439602699653189,0.06865094449985518,0.05832075083592127,0.082026322631528,0.058394604701192655,0.03996664768014419,0.04198019440145952,0.07941391090892705,0.07351544010990077,0.06144725682323449,0.09192529133785579,0.09427818693593218,0.04470582904133846,0.07716990735488871,0.07889723859711484,0.06482528191620539,0.04837741372252839,0.058816471223947085,0.05885618423657292,0.07150753146683088,0.059012207251438104,0.04320411823120126,0.056157512061278274,0.04796565569397035,0.05468197337903248,0.0528927283570276,0.046410298848744695,0.06335943959960737,0.08079579034223622,0.055240858611238286,0.06080424640215268,0.04627934071205121,0.057932183481716665,0.038641209251011485,0.06393954275090198,0.05935903463135936,0.11129063573572073,0.06469116366542593
0.025209590650229246,0.06222619257025593,0.08577515141953851,0.04300706143299794,0.030931215669447377,0.047904112270082004,0.05055310313623496,0.08823850195849059,0.025013107466622695,0.020254711514538754,0.02813365365850588,0.041608672096089115,0.0630017299916297,0.06999137587947812,0.057169340462309315,0.0,0.035953944962978775,0.022906775114568106,0.02753881565369974,0.02592867811207333,0.09189806313573459,0.05445154538681754,0.019127762055002915,0.031517640320132906,0.10601547575684071,0.03280706842439805,0.03439141549269244,0.04655689184165346,0.024247197427493244,0.03745198723771517,0.033261370548066736,0.017139386751325817,0.059063105864652424,0.03266401795801583,0.06329616888965835,0.022798299942463282,0.04283663302000126,0.04245757318789072,0.04474240403946002,0.027685442360363285,0.03876378517888727,0.046579907964243245,0.02748819547888295,0.028314236070412963,0.03302985552569692,0.017951767238130547,0.03865324401386213,0.030472007022693808,0.05055106878338379,0.05469981221752296,0.04630466294498458,0.020431511710595502,0.03198315122467046,0.029393149574582677,0.048237969169075606,0.028882044658227437,0.03893154510720671,0.0205873775851314,0.06685671753487306,0.021592516422589393
0.058696563162774655,0.04303078162494494,0.041205622910107396,0.03929918074051925,0.04807792442874503,0.04652648766082091,0.025053685787200006,0.04297577036560854,0.04952576548434094,0.046181176419261866,0.030002825542595864,0.02584542526634687,0.029089434491009973,0.04250753592475691,0.03938048085156959,0.035953944962978775,0.0,0.04561131400919423,0.03681381719458289,0.04390757629878253,0.06296148299461996,0.050402224644050746,0.03803332418419225,0.023741558926808664,0.05924732518091018,0.05944721534489518,0.017102207384297293,0.048933756834731765,0.02961816553532917,0.058263084046279924,0.037830607377003056,0.03772898217477223,0.03729739099315023,0.060876030346670384,0.05155220765242066,0.05288213896536966,0.06425229204990283,0.02274342878242166,0.05543945240042145,0.04117690551756755,0.02162782630485239,0.04851999506456966,0.03666469737128499,0.043150710804939,0.01998982314281905,0.024213856808151933,0.027195161782596032,0.03865238282776787,0.022618904102392753,0.023840999409942724,0.048484619707031947,0.03869641801066425,0.05188344967396137,0.04318163886060071,0.03853056991790255,0.034627186749642526,0.02344785515104966,0.04704831808375932,0.08307741189886349,0.048744246417899185
0.01823474105793775,0.07743379534308598,0.10046485703926598,0.041908310018755994,0.04280160720495209,0.04476029803013527,0.057387343567767486,0.10912665802969053,0.0317920661234116,0.02340715367580152,0.04553668434058851,0.04624093586032008,0.07973203996294755,0.0827688041505386,0.06522154771200607,0.022906775114568106,0.04561131400919423,0.0,0.03924267510041298,0.03804038255309841,0.10683227858980963,0.048868855418625796,0.025969255670937868,0.03267104320385466,0.11917760482177613,0.03587407153592272,0.04430645976528593,0.04471356410094417,0.03365232074242386,0.019960670043746163,0.028844507018548553,0.026835020849533268,0.058717875631466444,0.047444999513601184,0.06280755552183166,0.0348292701918574,0.030461774009354185,0.05085755040553558,0.040716665479031806,0.024903358130379052,0.04476332096923435,0.056454880434004005,0.03015168985342818,0.03924935215681431,0.040462475164356894,0.02513441491407837,0.03929370868425551,0.037430264969926526,0.06032845818901702,0.06248942448758441,0.05540691081530269,0.01881759198382764,0.024563274020996385,0.04150962806389519,0.06174964480450547,0.0353045722416261,0.047481060888384524,0.014859316070440446,0.06457797559529081,0.018701159138058795
0.05502090796891405,0.07435868385068316,0.07865879626425153,0.05037616966286812,0.025387405992320245,0.04727825369062967,0.04041500864348097,0.07435624066860211,0.04572077353861215,0.028189108438326435,0.02451349048860593,0.04906179136688173,0.052321739581635766,0.051850856090617216,0.06946704491228152,0.02753881565369974,0.03681381719458289,0.03924267510041298,0.0,0.039450359619058274,0.07667514230890798,0.072689987047333,0.030123328051038824,0.030843095352075946,0.08235836767493915,0.031656405157281554,0.02926638964268921,0.07625019168343546,0.0291970184333052,0.05611426773941722,0.0330376351708207,0.0306331053981082,0.04708229490099434,0.023046459657514638,0.06335071238943073,0.03184398295300431,0.0683875023490157,0.03445621523793067,0.07572542856084111,0.040408791896992,0.03594976827578457,0.028280933042356137,0.04554534705062874,0.035912840185676496,0.02933279039223023,0.01910058977236746,0.04526243125147589,0.02399078747176688,0.0541443551111738,0.03968556127361595,0.031037188412830752,0.025606377756922632,0.05668863992249015,0.033354613210669265,0.024606589393388938,0.04285953655939782,0.030026499979527208,0.03719565431296023,0.09285041137251313,0.04175607149324121
0.04863215853493088,0.04515589786110927,0.08840858075494268,0.028433188570615966,0.04864652576748004,0.04357640999177751,0.06707194444050195,0.09173442308957488,0.039736952683515486,0.04322103081417635,0.0330583997467116,0.059347986717560405,0.07471997037943943,0.048389180997503195,0.04003144355287298,0.02592867811207333,0.04390757629878253,0.03804038255309841,0.039450359619058274,0.0,0.1033478876119904,0.0731910307907533,0.019121147760601333,0.0480126758475995,0.08798128207652958,0.05571569208441244,0.050827054318025436,0.03965351230306103,0.03152710232750334,0.06037156484450841,0.05291399054146949,0.03602077985727241,0.08333532534449395,0.05422346050689937,0.04124861114870101,0.049501563695610894,0.05496520327802284,0.05159693067074696,0.04719318980595418,0.028926082463512148,0.052109891510436705,0.04434602717603231,0.036884382056101145,0.02983562237563279,0.044839326750668464,0.023940915166732562,0.04575820691636885,0.03249973599001136,0.04699599221383025,0.061371961326717475,0.048957121671743445,0.025682131315922577,0.04362407691430557,0.029810888615735075,0.048114811809501744,0.022208188419616685,0.05326607591898959,0.03412498275736577,0.10211147982055277,0.03274174893328822
0.11697420757911972,0.08895251194432892,0.04080785773271153,0.09337540782308326,0.07504141335713638,0.11778673254507645,0.06226840546105621,0.03534049267441514,0.0981051787438991,0.10648349856900233,0.06917091564693258,0.07298991724459884,0.035666274168975096,0.07062611464266527,0.09123180994343232,0.09189806313573459,0.06296148299461996,0.10683227858980963,0.07667514230890798,0.1033478876119904,0.0,0.11131494486194582,0.10552258742226586,0.07499175837563392,0.0795187908603154,0.11116255000921685,0.05985762026366388,0.1269302717908486,0.068050843508389,0.10408759163698628,0.0707265296320603,0.08457895271937162,0.05795430992300447,0.11287897172135529,0.11090401340083872,0.08628843473550547,0.1277223067342326,0.06866940707830357,0.13509233619334696,0.08730948839611012,0.06682966953160724,0.09424476214648188,0.09142224791138293,0.10135555810012417,0.06713829699222686,0.07799463700041655,0.07760580798163354,0.08043853484117156,0.061712888804641555,0.05019687889146178,0.10743685149953362,0.1107458735486115,0.11981659593984048,0.09648925132906123,0.07807059883288348,0.09954212774764548,0.07588017331501318,0.10321552154286405,0.13599931584458638,0.11028579086445171
0.05160138849925145,0.08059789680326146,0.08788157312314546,0.056322001703299526,0.0743188343461517,0.04633441055985188,0.056189100609510934,0.10758865914266606,0.04542511836343931,0.04129509154222163,0.06655948649855094,0.03068035593923204,0.07663107537759255,0.1059604378012717,0.07344823993300004,0.05445154538681754,0.050402224644050746,0.048868855418625796,0.072689987047333,0.0731910307907533,0.11131494486194582,0.0,0.05884707189314281,0.03673483056772771,0.13768244978513186,0.08520957888176724,0.05443200028001243,0.054144276191960584,0.03885834022725991,0.046789053783385326,0.05117415141660684,0.05467811086055276,0.05983478683849663,0.09005823123329851,0.09226783946818516,0.06479151494883507,0.048161142540002845,0.060395319395302766,0.04227418740014491,0.04692555332719491,0.04893249468128015,0.09042368243653812,0.03158690569848624,0.08528884563734308,0.04711542206599831,0.05413718756173949,0.027735126922866463,0.07614070291129077,0.05133745243772548,0.06861415131247407,0.10099390451829812,0.05661057324892664,0.026895621354872605,0.08742813329685695,0.09538958756467858,0.04181864835635338,0.05653257029768523,0.042943307738107526,0.04654848576331828,0.030594460903337325
0.03893410082515905,0.057463393889412816,0.08960970356004325,0.03848543403789096,0.0371515464223386,0.038317430902079244,0.056191363523877116,0.09047914469040716,0.02994113584882721,0.029522079720055914,0.029987282600646183,0.04762649994083888,0.06774237434817457,0.06233771982532042,0.05439602699653189,0.019127762055002915,0.03803332418419225,0.025969255670937868,0.030123328051038824,0.019121147760601333,0.10552258742226586,0.05884707189314281,0.0,0.034713705656065304,0.0993668859516026,0.04138962260101615,0.041393962469763394,0.03999749885461415,0.025605324021354167,0.04652175728549725,0.044371942785435214,0.03157006511789717,0.07124729261436799,0.03889567850463474,0.0552332067543162,0.03625705772690049,0.04297192224010702,0.04346451165731411,0.042221122535905604,0.030667092979222776,0.045582129283148094,0.04189719081028636,0.027359750967867892,0.02391855203659499,0.03589830347353719,0.017616487371669796,0.04151677550963195,0.027181549231285476,0.0505672240535916,0.05856154436113359,0.045601851597546414,0.014436146340418957,0.036514057821103,0.024674511280202018,0.04313343887539327,0.02380974508695867,0.04035469818175667,0.022135794823166133,0.08181880463716214,0.023701442681906652
0.04682574087222641,0.07600649947956942,0.06190490539798272,0.0433825571757357,0.040519284403316015,0.04046324957140274,0.031939874656611994,0.06997498771273955,0.03883477042876736,0.0289895070788545,0.02945023391441445,0.01858160792322183,0.04428270668964964,0.06780386188381199,0.06865094449985518,0.031517640320132906,0.023741558926808664,0.03267104320385466,0.030843095352075946,0.0480126758475995,0.07499175837563392,0.03673483056772771,0.034713705656065304,0.0,0.09850435392271266,0.056557733422421076,0.018182118739354047,0.05995752112479287,0.02562515506770776,0.03811840271953643,0.01998500709133284,0.0318736266337054,0.03261415501731691,0.05139196197783245,0.07293077932541095,0.04157286320711921,0.04838732996015748,0.022630199179298194,0.054656583114616165,0.028206447603597255,0.021592370234026506,0.05134902477039127,0.021803589047082496,0.05541716531138589,0.017286237895948364,0.026393113879576026,0.020554713919730728,0.03919927935842918,0.035119548143654686,0.02879336163107823,0.05357298449232319,0.03457644634875073,0.03871952548591439,0.055174867852101406,0.04867070191570862,0.035392238860711474,0.01957991776299952,0.03423378250358365,0.05934913337611562,0.029727140576476806
0.14211676468441406,0.057877669890906314,0.050161642969037544,0.07166404008567433,0.11257917849126496,0.09961782702631258,0.06745980929190663,0.035918484331738505,0.13608637081804795,0.12400918734525437,0.0899179329943373,0.10477624385524241,0.05011635595427676,0.02306333216902383,0.05832075083592127,0.10601547575684071,0.05924732518091018,0.11917760482177613,0.08235836767493915,0.08798128207652958,0.0795187908603154,0.13768244978513186,0.0993668859516026,0.09850435392271266,0.0,0.10944531335764288,0.07280387304815024,0.11276689300845116,0.09491311137023797,0.14987951945684264,0.10901736660886481,0.11306767388548633,0.08316190834233185,0.10610066775946979,0.055225951271713106,0.13004576649115498,0.15018216876020943,0.0645716060635158,0.13738845263747607,0.10756503238421022,0.07837409227077277,0.05766636177865463,0.12233192723295536,0.08036654447876546,0.07252600133651306,0.07555294086716248,0.08920646059096048,0.0820725252217245,0.06499228385555586,0.04944179119843379,0.061996156039561434,0.09659061807538134,0.14114325970144748,0.08409769388854534,0.05192782507197756,0.10238861451887012,0.07390559728993266,0.12630716585484275,0.19856819944402426,0.13134884939171287
0.04231535004382139,0.09074098670105943,0.10988474772667144,0.0694789158492789,0.03700802694182158,0.07542672325237426,0.06671008682726037,0.10712136473971043,0.058207069440639324,0.03338706350462126,0.05812987478893086,0.07267847185905639,0.0853854255108623,0.08170256317833582,0.082026322631528,0.03280706842439805,0.05944721534489518,0.03587407153592272,0.031656405157281554,0.05571569208441244,0.11116255000921685,0.08520957888176724,0.04138962260101615,0.056557733422421076,0.10944531335764288,0.0,0.05405048184065726,0.08051040585112171,0.05695591111014766,0.0499937656338838,0.05189821075510012,0.029901155879387874,0.06624924360224689,0.023726195456320365,0.08085580671037075,0.029825795529137507,0.06655137647298157,0.06232392327857522,0.08180407766301574,0.05289673427342984,0.0633927727245544,0.049221352632988644,0.06578732050881375,0.027198671383730957,0.052809111784210425,0.03717988198695432,0.06964732772886321,0.03791907464775591,0.08381534538298209,0.07435354958874335,0.04861399688218529,0.02710178799215047,0.05768497104004249,0.026495984992233993,0.04391533820120607,0.06824207808277269,0.05345853127401701,0.04062694247953421,0.09039576168432363,0.050614527094070036
0.05626781692209804,0.06688141458616242,0.05034984511798003,0.04559880542043726,0.044061360227147586,0.048589179105704094,0.013903405319001987,0.049439036394693756,0.051338488629332636,0.039393156583124436,0.026352552654423725,0.02708863423742492,0.03354513016223495,0.054457783842364535,0.058394604701192655,0.03439141549269244,0.017102207384297293,0.04430645976528593,0.02926638964268921,0.050827054318025436,0.05985762026366388,0.05443200028001243,0.041393962469763394,0.018182118739354047,0.07280387304815024,0.05405048184065726,0.0,0.06431899798855263,0.03091346169873875,0.05533703092375852,0.0269349331939501,0.03477759701158878,0.028692559761899265,0.0503795432029804,0.06178687755808359,0.04655756597972512,0.06784959949221692,0.018023007171234555,0.06531104856529862,0.04118248242464778,0.01447281650579265,0.04642738949460771,0.033279756389627504,0.051690794122654864,0.01738645300756581,0.02520920819294856,0.025871932795565503,0.04018542242000084,0.03071838375992526,0.02029811397472788,0.04361830816572403,0.04176822740883927,0.05586224678147835,0.05044071677108511,0.038711598081969924,0.040745917849346155,0.020582820165425553,0.049255459803824606,0.07566993869163566,0.04621991773029611
0.04519202520621685,0.047461556301667866,0.10352576082031284,0.03816254584171928,0.07723514492485856,0.05113540296243666,0.0717331820995915,0.11323032337990585,0.05124799099224887,0.06024278706728016,0.06431843979972948,0.059330721127762734,0.09253684443141096,0.0824669950023085,0.03996664768014419,0.04655689184165346,0.048933756834731765,0.04471356410094417,0.07625019168343546,0.03965351230306103,0.1269302717908486,0.054144276191960584,0.03999749885461415,0.05995752112479287,0.11276689300845116,0.08051040585112171,0.06431899798855263,0.0,0.044420013111364356,0.06346385214292483,0.0650766867819665,0.05632297157186765,0.096815776356547,0.09251707438472757,0.049200270067409596,0.0738120662856035,0.037108732143739304,0.06690199739143711,0.020707096277684002,0.04877876311826547,0.05978397906417959,0.08142992375834401,0.03988574084982755,0.051254265640014555,0.062185931130988865,0.045572566328817475,0.04609638308086277,0.060576165743399586,0.05271652710202596,0.08215517621126563,0.08392081853351752,0.05062142540621738,0.034504714487628194,0.05707905023819102,0.08575941673410727,0.02739580980853909,0.06836974198990728,0.045248027334758724,0.08858001114695262,0.04525785951409842
0.042328185949805926,0.04954556791989227,0.06373517940384767,0.039946759126354016,0.02968450049134075,0.0424256087206071,0.04030085436144587,0.07332929691659237,0.0213990064506399,0.030581770142383682,0.020395062576203663,0.027163847511044663,0.045786235097359046,0.05871665197888868,0.04198019440145952,0.024247197427493244,0.02961816553532917,0.03365232074242386,0.0291970184333052,0.03152710232750334,0.068050843508389,0.03885834022725991,0.025605324021354167,0.02562515506770776,0.09491311137023797,0.05695591111014766,0.03091346169873875,0.044420013111364356,0.0,0.0419618486395967,0.02982954245469878,0.032254903960579805,0.051870937687517306,0.05489592068842565,0.05932364293699029,0.03467019908206881,0.04832876816082533,0.03947193834130651,0.03860141701699906,0.029293726485258617,0.026567675860882045,0.051442118956664756,0.01937522567872976,0.04217397033792043,0.029623053140295477,0.02118770988826512,0.02397037611015734,0.033318997364025126,0.03457898553213354,0.04219301686123291,0.06261589257444415,0.03160533460611268,0.03120248078333153,0.04150585778744302,0.0508282863076022,0.019396761120829185,0.03848436064269632,0.021552843130821984,0.06797218118969174,0.02410129470448378
0.026537826073585822,0.09685830400566912,0.10663948169232089,0.06332602126183474,0.04510521609909098,0.06662006337486902,0.07065657616582116,0.12212500793652385,0.031270767921078316,0.03359198489711996,0.05761600871066319,0.04833392864686604,0.08919732229818178,0.107927194330949,0.07941391090892705,0.03745198723771517,0.058263084046279924,0.019960670043746163,0.05611426773941722,0.06037156484450841,0.10408759163698628,0.046789053783385326,0.04652175728549725,0.03811840271953643,0.14987951945684264,0.0499937656338838,0.05533703092375852,0.06346385214292483,0.0419618486395967,0.0,0.025808710508015077,0.030717733503199757,0.06488044434397833,0.07064125318670596,0.09448718804448855,0.03246407157690673,0.03642446137611323,0.0684681114507433,0.05454174154814105,0.03001180811835761,0.059153213343409686,0.08481162964356445,0.03734405529832868,0.05780427878119015,0.0511478068290154,0.04330034142416374,0.0504906482707662,0.04723497857765225,0.07505513433098857,0.07779237824389565,0.0881481322898361,0.039811744637368175,0.028853811196658655,0.0565008411001509,0.08185897145367328,0.05132230943408385,0.05824985783204222,0.026882757530962538,0.04800162939287568,0.02788603816363505
0.03559757001497993,0.08791483454389384,0.07309967573954897,0.048656927433180536,0.03566310892719626,0.05492473908975843,0.03997967281374621,0.0817484882077129,0.039325635093773854,0.03139601667005092,0.0364907205476561,0.034298768297624946,0.0563233111696984,0.07580611291727082,0.07351544010990077,0.033261370548066736,0.037830607377003056,0.028844507018548553,0.0330376351708207,0.05291399054146949,0.0707265296320603,0.05117415141660684,0.044371942785435214,0.01998500709133284,0.10901736660886481,0.05189821075510012,0.0269349331939501,0.0650766867819665,0.02982954245469878,0.025808710508015077,0.0,0.030113502396878374,0.034282662507446486,0.05502788199189605,0.07432365320003301,0.034230146476271685,0.045725884815425576,0.03607903654503539,0.06157825557599261,0.023818493474639962,0.030166433168690776,0.058581173644009395,0.03033266471242918,0.05552677497541895,0.028400409151773706,0.027859034139115627,0.03277673417917803,0.039547353430859335,0.05161607974300641,0.04207406463219104,0.057821624390474856,0.040711909612290514,0.04092854903761454,0.05447598075145882,0.057093441334373,0.04672153202053506,0.034725318878040055,0.034361125325282384,0.06218503814783374,0.03419065552766918
0.025744752043361286,0.0720645610122401,0.08443952621297887,0.05396677996051194,0.028396724878417642,0.06302674332912561,0.052708628152827515,0.0900700772758827,0.029313984496602018,0.0216076215276706,0.03604910600592615,0.04194414786165596,0.06689683025663548,0.0774950585999876,0.06144725682323449,0.017139386751325817,0.03772898217477223,0.026835020849533268,0.0306331053981082,0.03602077985727241,0.08457895271937162,0.05467811086055276,0.03157006511789717,0.0318736266337054,0.11306767388548633,0.029901155879387874,0.03477759701158878,0.05632297157186765,0.032254903960579805,0.030717733503199757,0.030113502396878374,0.0,0.05610562267852374,0.03719586883506341,0.07990659056869832,0.015706410464279976,0.047298268680688565,0.048586458523735006,0.053185276674244365,0.0304817386021896,0.044946611555695,0.05980825495110313,0.03541234869952305,0.032877757556380456,0.033226920124718874,0.02776746372492675,0.045381601088589615,0.03200744604669236,0.05864732048915881,0.060876011106197836,0.06173698426627981,0.028064968546775867,0.030773313396224508,0.03226006534329765,0.049375632180801675,0.0412937808095918,0.03716459949284133,0.026794130578117088,0.05079943418083163,0.02704500144972797
0.07111342520890362,0.09753019703998814,0.056786844958737696,0.0583230697447366,0.062238844628025244,0.0594235477373843,0.027869939244633272,0.05635911638233257,0.0814099641447368,0.05288355176227237,0.05403723176640726,0.03660425619018175,0.040455030282522696,0.07209697434581411,0.09192529133785579,0.059063105864652424,0.03729739099315023,0.058717875631466444,0.04708229490099434,0.08333532534449395,0.05795430992300447,0.05983478683849663,0.07124729261436799,0.03261415501731691,0.08316190834233185,0.06624924360224689,0.028692559761899265,0.096815776356547,0.051870937687517306,0.06488044434397833,0.034282662507446486,0.05610562267852374,0.0,0.0642901332636161,0.07561253855782919,0.06491994333663066,0.07830291525127858,0.02878614981803689,0.1008289496229905,0.04912477175763649,0.026627848137143785,0.057672496804303745,0.05635047548059536,0.07827192261483394,0.032710092807707515,0.04453952387342117,0.03310954301023937,0.06713773193696085,0.0393041509885471,0.028912545466741695,0.05589372386442255,0.06383997320905911,0.0758672603450078,0.0785157013306548,0.05900568690268598,0.0723902439755857,0.039202874048508043,0.06662889726357184,0.10066046786170509,0.06264730252817748
0.05616592149174855,0.09958957183199986,0.10821382109433873,0.0736393872291833,0.040106814795846726,0.06372851211966468,0.06437155952639449,0.10140825344597239,0.06184836511101,0.03072818875654742,0.04970493147392728,0.07643644046620396,0.07837422396518176,0.07724922304947543,0.09427818693593218,0.03266401795801583,0.060876030346670384,0.047444999513601184,0.023046459657514638,0.05422346050689937,0.11287897172135529,0.09005823123329851,0.03889567850463474,0.05139196197783245,0.10610066775946979,0.023726195456320365,0.0503795432029804,0.09251707438472757,0.05489592068842565,0.07064125318670596,0.05502788199189605,0.03719586883506341,0.0642901332636161,0.0,0.08553308852421287,0.03665341384170095,0.07981748874445459,0.0537974158219557,0.08910918903990495,0.05985286928355131,0.0597124468269153,0.03809569437773477,0.06790912551212713,0.042103068751432604,0.0460083960422966,0.03505179648875161,0.06924588563488616,0.04111720097495753,0.08176403173360963,0.06632966900525686,0.036419119383294916,0.027525554060430377,0.06623359313684724,0.03977868532241826,0.03574823565777134,0.06382708025971706,0.047913238840107605,0.04863503284826981,0.10172383837850078,0.05104803420974949
0.07476731787472579,0.04911102664621621,0.09601924101658071,0.02127037985461062,0.0924065754249485,0.03902310173995383,0.05796216707517805,0.08743695916344572,0.09105487466972374,0.07699853579405394,0.06558006792828233,0.08024480604753051,0.07859569915509437,0.04082704588369353,0.04470582904133846,0.06329616888965835,0.05155220765242066,0.06280755552183166,0.06335071238943073,0.04124861114870101,0.11090401340083872,0.09226783946818516,0.0552332067543162,0.07293077932541095,0.055225951271713106,0.08085580671037075,0.06178687755808359,0.049200270067409596,0.05932364293699029,0.09448718804448855,0.07432365320003301,0.07990659056869832,0.07561253855782919,0.08553308852421287,0.0,0.09747719817504685,0.07650933447918447,0.048513992832307874,0.06752459203391199,0.054544869743977195,0.05534573061938389,0.03850508791197768,0.07269812906103312,0.05617104979982046,0.06438815636497512,0.03962264877407654,0.04953881219605878,0.06188971545950711,0.0434779645985578,0.05269984966200189,0.04107619491384131,0.05681379933571233,0.07885846637095403,0.06194669974715335,0.0635697967333659,0.04570509089497145,0.0683387374564644,0.07129806698305204,0.16056186476556603,0.07132280850585394
0.03225062364326335,0.0856245107677006,0.09520059786753533,0.06911532236271324,0.02228758796554741,0.07462955337048854,0.06368611596587752,0.10220166461990585,0.027991239708421028,0.024737827031781755,0.036724492368516076,0.05389689772375412,0.07255913966927728,0.09026225982276681,0.07716990735488871,0.022798299942463282,0.05288213896536966,0.0348292701918574,0.03184398295300431,0.049501563695610894,0.08628843473550547,0.06479151494883507,0.03625705772690049,0.04157286320711921,0.13004576649115498,0.029825795529137507,0.04655756597972512,0.0738120662856035,0.03467019908206881,0.03246407157690673,0.034230146476271685,0.015706410464279976,0.06491994333663066,0.03665341384170095,0.09747719817504685,0.0,0.05158984905525415,0.060948883232126605,0.06316054073443027,0.03844054349604136,0.05900199905702067,0.06576092563024435,0.04546415339644147,0.03906805259898257,0.04195913024443281,0.03160653704864157,0.059412070738595196,0.03460529661111497,0.07513632490408054,0.0730678952883905,0.07213900664741597,0.033905116360478556,0.04042276302916883,0.03577851981447263,0.05450642853665185,0.051108665403061956,0.04588809056615615,0.029567495652072225,0.05308851447655856,0.0336088035629367
0.025482082092529543,0.08635657377163113,0.1158973653783224,0.04438492695027337,0.06793155123246886,0.054517691268669385,0.07566019188939367,0.12863107081883485,0.046154599857908776,0.03981480158501393,0.06256277195325896,0.05742310150890272,0.10059821230905944,0.1079440112044865,0.07889723859711484,0.04283663302000126,0.06425229204990283,0.030461774009354185,0.0683875023490157,0.05496520327802284,0.1277223067342326,0.048161142540002845,0.04297192224010702,0.04838732996015748,0.15018216876020943,0.06655137647298157,0.06784959949221692,0.037108732143739304,0.04832876816082533,0.03642446137611323,0.045725884815425576,0.047298268680688565,0.07830291525127858,0.07981748874445459,0.07650933447918447,0.05158984905525415,0.0,0.06111455543632577,0.03349419520903832,0.030116511009278275,0.06672045980450417,0.08254367055767486,0.039929360746697416,0.05923856134694177,0.055965111891387795,0.04391546404989048,0.04908514286452976,0.06352079808148495,0.06827056627197109,0.08663319726913896,0.08688754269138195,0.045875239362266076,0.027654659116546042,0.06486646911464942,0.0968236986441359,0.04044233920405126,0.05935178226767499,0.033303468570678986,0.05537256389999965,0.029434675486005247
0.06211165626070895,0.06575341501498862,0.05216288225540099,0.03463532977355511,0.05932740684076676,0.04022318607482449,0.021762379931470746,0.04558648014375362,0.0685739264396779,0.04612227439539424,0.032831437526404154,0.036486144357979325,0.0344676224069938,0.04775301312753377,0.06482528191620539,0.04245757318789072,0.02274342878242166,0.05085755040553558,0.03445621523793067,0.05159693067074696,0.06866940707830357,0.060395319395302766,0.04346451165731411,0.022630199179298194,0.0645716060635158,0.06232392327857522,0.018023007171234555,0.06690199739143711,0.03947193834130651,0.0684681114507433,0.03607903654503539,0.048586458523735006,0.02878614981803689,0.0537974158219557,0.048513992832307874,0.060948883232126605,0.06111455543632577,0.0,0.07122097310758911,0.03691286261165187,0.02255722852856517,0.03189640426833942,0.04444213040871679,0.05436296028925062,0.016611419169509,0.024553258625290796,0.027846883220917558,0.04882124899480142,0.0261382243621958,0.018341892125334748,0.033397008676578764,0.04535612357368576,0.06427234882464965,0.05625238093946308,0.043256819865489335,0.0436972916077288,0.015422342987271947,0.05699327630581952,0.0950276850547143,0.05282496927967205
0.03750784399973549,0.06030806245848376,0.11224189105544892,0.04707687629294958,0.07412453579258661,0.05036030872478773,0.07128860894734432,0.12617995088960068,0.03831712112862462,0.04630592442522426,0.06011514638679463,0.053573634983040117,0.09502486857599468,0.09967840121029285,0.04837741372252839,0.04474240403946002,0.05543945240042145,0.040716665479031806,0.07572542856084111,0.04719318980595418,0.13509233619334696,0.04227418740014491,0.042221122535905604,0.054656583114616165,0.13738845263747607,0.08180407766301574,0.06531104856529862,0.020707096277684002,0.03860141701699906,0.05454174154814105,0.06157825557599261,0.053185276674244365,0.1008289496229905,0.08910918903990495,0.06752459203391199,0.06316054073443027,0.03349419520903832,0.07122097310758911,0.0,0.04860957586801938,0.06123712182260397,0.08955556222722195,0.036393761892314365,0.06254356352226917,0.06209124706166957,0.047072203737095225,0.043883569354742406,0.06588701326145995,0.060205307491384946,0.08510432331628714,0.09646840034490148,0.04577565782853556,0.023132253250798315,0.06844343316571076,0.09847023332538354,0.024832216422902783,0.06827885375003018,0.03497750439770179,0.06531080160777622,0.03214635477896087
0.029046957557132737,0.06792887250736084,0.08241427776607589,0.0246743961136845,0.04396061965616255,0.04364752019084707,0.05411940215335423,0.09120318691126512,0.04108057497402511,0.03266204258384811,0.03732973836007169,0.03951257856517091,0.06987387688701324,0.06862622895552103,0.058816471223947085,0.027685442360363285,0.04117690551756755,0.024903358130379052,0.040408791896992,0.028926082463512148,0.08730948839611012,0.04692555332719491,0.030667092979222776,0.028206447603597255,0.10756503238421022,0.05289673427342984,0.04118248242464778,0.04877876311826547,0.029293726485258617,0.03001180811835761,0.023818493474639962,0.0304817386021896,0.04912477175763649,0.05985286928355131,0.054544869743977195,0.03844054349604136,0.030116511009278275,0.03691286261165187,0.04860957586801938,0.0,0.04102401925401314,0.0527341834803384,0.02556936409214028,0.043149751319626665,0.032916418179990733,0.024439658360743806,0.029145557722170593,0.04147833735460811,0.04171743826795984,0.052686192232870896,0.05574156455715398,0.03266094720439443,0.034735132211733334,0.04528174811695598,0.06136899933903217,0.030543753572567965,0.04101708642066001,0.026061806468078208,0.07001314595842938,0.024885020413275706
0.057420783893604804,0.06721613145776324,0.05357889310035017,0.04390771104176473,0.05282404628447096,0.042652729045053406,0.018396094038602498,0.057920542987987676,0.05283537913123583,0.041898126152866005,0.029643324858129694,0.021680852377044472,0.039783911245643684,0.05781510922850467,0.05885618423657292,0.03876378517888727,0.02162782630485239,0.04476332096923435,0.03594976827578457,0.052109891510436705,0.06682966953160724,0.04893249468128015,0.045582129283148094,0.021592370234026506,0.07837409227077277,0.0633927727245544,0.01447281650579265,0.05978397906417959,0.026567675860882045,0.059153213343409686,0.030166433168690776,0.044946611555695,0.026627848137143785,0.0597124468269153,0.05534573061938389,0.05900199905702067,0.06672045980450417,0.02255722852856517,0.06123712182260397,0.04102401925401314,0.0,0.05097633099732556,0.028974199664831224,0.06078025097499051,0.02720566479772821,0.028996367685586354,0.016988152204792092,0.048908648245135244,0.023945405287661974,0.02262565734433142,0.04820648681589556,0.044246945656087014,0.053668090961598955,0.061412386536038845,0.05085674767232792,0.036777602266333094,0.03237412707711652,0.046395995153251844,0.08569364872622098,0.0450759937611942
0.0724816392832641,0.06708007399080869,0.08329288296158921,0.03923347664887779,0.06093264418206953,0.04061161975793009,0.049679312624558325,0.0690732279688515,0.07408417684049973,0.04950779725251464,0.046816266445393134,0.0745077694193585,0.05644102442129416,0.03181398092623054,0.07150753146683088,0.046579907964243245,0.04851999506456966,0.056454880434004005,0.028280933042356137,0.04434602717603231,0.09424476214648188,0.09042368243653812,0.04189719081028636,0.05134902477039127,0.05766636177865463,0.049221352632988644,0.04642738949460771,0.08142992375834401,0.051442118956664756,0.08481162964356445,0.058581173644009395,0.05980825495110313,0.057672496804303745,0.03809569437773477,0.03850508791197768,0.06576092563024435,0.08254367055767486,0.03189640426833942,0.08955556222722195,0.0527341834803384,0.05097633099732556,0.0,0.07071958730243039,0.045978182677186924,0.03844566470835656,0.025075582032278776,0.05571165716997974,0.03365377218193892,0.05697861152220074,0.03886329525253134,0.015592552582642983,0.0384593856485406,0.07760734385455845,0.04728768142114946,0.032051467829273254,0.052022115828228375,0.038301634192363584,0.0612565034866518,0.13533534750894383,0.06186899171734754
0.0379128409422727,0.07007075448731152,0.08270148491903737,0.040390860341038747,0.04274848593465578,0.042787817564469394,0.046244323010117966,0.0948559930120092,0.027346307274149564,0.03242063174097252,0.033310742667992804,0.022255985198781213,0.06801245038516668,0.08388520773780776,0.059012207251438104,0.02748819547888295,0.03666469737128499,0.03015168985342818,0.04554534705062874,0.036884382056101145,0.09142224791138293,0.03158690569848624,0.027359750967867892,0.021803589047082496,0.12233192723295536,0.06578732050881375,0.033279756389627504,0.03988574084982755,0.01937522567872976,0.03734405529832868,0.03033266471242918,0.03541234869952305,0.05635047548059536,0.06790912551212713,0.07269812906103312,0.04546415339644147,0.039929360746697416,0.04444213040871679,0.036393761892314365,0.02556936409214028,0.028974199664831224,0.07071958730243039,0.0,0.05528685122848863,0.03681091037215646,0.031042607942356793,0.020362593609959484,0.04723364730897599,0.038219768467620784,0.054869364525967995,0.07393728421127145,0.03692939480388379,0.027428938076947004,0.05536230215879448,0.07212195291805641,0.023476969142417727,0.04685258646987497,0.02548085265912756,0.05940332795656584,0.02016260861839991
0.04760076412408639,0.051050973600538146,0.08649304756469557,0.049214896806677934,0.03794672371199251,0.07130095828293004,0.06791412957624357,0.08233036622044865,0.05002847878242528,0.04716618614794185,0.04603960322769317,0.06559029873245403,0.06901709545692983,0.05390053673481458,0.04320411823120126,0.028314236070412963,0.043150710804939,0.03924935215681431,0.035912840185676496,0.02983562237563279,0.10135555810012417,0.08528884563734308,0.02391855203659499,0.05541716531138589,0.08036654447876546,0.027198671383730957,0.051690794122654864,0.051254265640014555,0.04217397033792043,0.05780427878119015,0.05552677497541895,0.032877757556380456,0.07827192261483394,0.042103068751432604,0.05617104979982046,0.03906805259898257,0.05923856134694177,0.05436296028925062,0.06254356352226917,0.043149751319626665,0.06078025097499051,0.045978182677186924,0.05528685122848863,0.0,0.04581872116118229,0.02810019940742121,0.06258121410694176,0.02660633914865297,0.063722965926086,0.06791813235024721,0.04911658909970711,0.023061368946670987,0.05691431973582294,0.006378006027137377,0.03475095288884911,0.0485537201850713,0.04748370042353404,0.035365138251455853,0.09819485360354925,0.04930028121899526
0.05353754382893205,0.061394750263867336,0.04383395263235379,0.03967727378955923,0.04393253899552904,0.04694910960058148,0.02871609772765383,0.04643980387508918,0.04582378384327132,0.03536553337861056,0.02752338702717082,0.029226145768175504,0.029275571810980984,0.0480946807448634,0.056157512061278274,0.03302985552569692,0.01998982314281905,0.040462475164356894,0.02933279039223023,0.044839326750668464,0.06713829699222686,0.04711542206599831,0.03589830347353719,0.017286237895948364,0.07252600133651306,0.052809111784210425,0.01738645300756581,0.062185931130988865,0.029623053140295477,0.0511478068290154,0.028400409151773706,0.033226920124718874,0.032710092807707515,0.0460083960422966,0.06438815636497512,0.04195913024443281,0.055965111891387795,0.016611419169509,0.06209124706166957,0.032916418179990733,0.02720566479772821,0.03844566470835656,0.03681091037215646,0.04581872116118229,0.0,0.02050465881191273,0.028516537489612005,0.03626570540199906,0.0333881253143761,0.024846150758025383,0.04239542253116375,0.03456551261555346,0.049499150093121266,0.04657896175500615,0.03349665498921329,0.03769943181831765,0.011416359956321584,0.04186133958202527,0.06648093734671301,0.039746903280786366
0.03603151749528298,0.04935683145995599,0.06734315961652819,0.028069074874717177,0.0332413465354452,0.032535764440629875,0.03342643235134141,0.06551933432849823,0.03258351929074179,0.022898683562672113,0.018753014374741347,0.03878244380523225,0.04402999523707526,0.04345745229555418,0.04796565569397035,0.017951767238130547,0.024213856808151933,0.02513441491407837,0.01910058977236746,0.023940915166732562,0.07799463700041655,0.05413718756173949,0.017616487371669796,0.026393113879576026,0.07555294086716248,0.03717988198695432,0.02520920819294856,0.045572566328817475,0.02118770988826512,0.04330034142416374,0.027859034139115627,0.02776746372492675,0.04453952387342117,0.03505179648875161,0.03962264877407654,0.03160653704864157,0.04391546404989048,0.024553258625290796,0.047072203737095225,0.024439658360743806,0.028996367685586354,0.025075582032278776,0.031042607942356793,0.02810019940742121,0.02050465881191273,0.0,0.03036376819914033,0.02259774788583469,0.03706097094956295,0.03463858247549291,0.027735730753395322,0.018491530296874874,0.038610674302810996,0.028457509810975695,0.030908950160364546,0.02311033976533704,0.025012666636860113,0.0259154616225142,0.07967007095826617,0.02812390998762408
0.04787732977851567,0.06425177910221264,0.06266861215288475,0.028425656778244473,0.056458528232136096,0.031247839955133475,0.02810213650699316,0.07170406303817434,0.047379402096012914,0.03911538247147099,0.03852750575196981,0.01588831550163074,0.04854766543872935,0.0647525206020246,0.05468197337903248,0.03865324401386213,0.027195161782596032,0.03929370868425551,0.04526243125147589,0.04575820691636885,0.07760580798163354,0.027735126922866463,0.04151677550963195,0.020554713919730728,0.08920646059096048,0.06964732772886321,0.025871932795565503,0.04609638308086277,0.02397037611015734,0.0504906482707662,0.03277673417917803,0.045381601088589615,0.03310954301023937,0.06924588563488616,0.04953881219605878,0.059412070738595196,0.04908514286452976,0.027846883220917558,0.043883569354742406,0.029145557722170593,0.016988152204792092,0.05571165716997974,0.020362593609959484,0.06258121410694176,0.028516537489612005,0.03036376819914033,0.0,0.05493127003425237,0.017111974987865652,0.032137006560350706,0.05963406661305212,0.04295105155333284,0.03871388376338765,0.06492907966454263,0.06338791928793885,0.028810263420441396,0.03715053284724709,0.03887183302964455,0.07593640209716701,0.03136123812818803
0.053816229715112594,0.06258880637486204,0.07826268515952245,0.048437368704680815,0.031146641656755722,0.05944763522021907,0.056536720662377415,0.07529681786348834,0.035969636036559054,0.04074691395075149,0.03301520517015839,0.054869981507563434,0.057422232202295156,0.04368081319340618,0.0528927283570276,0.030472007022693808,0.03865238282776787,0.037430264969926526,0.02399078747176688,0.03249973599001136,0.08043853484117156,0.07614070291129077,0.027181549231285476,0.03919927935842918,0.0820725252217245,0.03791907464775591,0.04018542242000084,0.060576165743399586,0.033318997364025126,0.04723497857765225,0.039547353430859335,0.03200744604669236,0.06713773193696085,0.04111720097495753,0.06188971545950711,0.03460529661111497,0.06352079808148495,0.04882124899480142,0.06588701326145995,0.04147833735460811,0.048908648245135244,0.03365377218193892,0.04723364730897599,0.02660633914865297,0.03626570540199906,0.02259774788583469,0.05493127003425237,0.0,0.061507799878943434,0.049315068136110654,0.04302802730120501,0.02482872507985978,0.052691026819016065,0.023510370903874197,0.027969715726302545,0.040812011435073514,0.03960148935376632,0.0357560118047334,0.0895444957455726,0.04401692127842684
0.06985434899803895,0.04766382687315034,0.045384647195455666,0.03189055437204972,0.06931476134227688,0.042328269100162255,0.029955875458597375,0.04899968819931443,0.06686693177030122,0.061267875468674744,0.04019992723445318,0.02848488132002173,0.035905026940249114,0.04809278327654068,0.046410298848744695,0.05055106878338379,0.022618904102392753,0.06032845818901702,0.0541443551111738,0.04699599221383025,0.061712888804641555,0.05133745243772548,0.0505672240535916,0.035119548143654686,0.06499228385555586,0.08381534538298209,0.03071838375992526,0.05271652710202596,0.03457898553213354,0.07505513433098857,0.05161607974300641,0.05864732048915881,0.0393041509885471,0.08176403173360963,0.0434779645985578,0.07513632490408054,0.06827056627197109,0.0261382243621958,0.060205307491384946,0.04171743826795984,0.023945405287661974,0.05697861152220074,0.038219768467620784,0.063722965926086,0.0333881253143761,0.03706097094956295,0.017111974987865652,0.061507799878943434,0.0,0.02740802829606541,0.06204593612319928,0.05686129883602528,0.06305915011247872,0.06445355087509994,0.05950259805986812,0.034576102859126816,0.04055060776561313,0.06113938155640631,0.10353586571024967,0.05539168354009393
0.0816418494872405,0.06470236530334789,0.03789492485249725,0.043446922509998626,0.06445687873041518,0.04893827588309255,0.02156448307581707,0.03205365918404769,0.07163698130177464,0.06045779524070914,0.036771064322584514,0.03695011697532351,0.020527471920599137,0.0382492354113096,0.06335943959960737,0.05469981221752296,0.023840999409942724,0.06248942448758441,0.03968556127361595,0.061371961326717475,0.05019687889146178,0.06861415131247407,0.05856154436113359,0.02879336163107823,0.04944179119843379,0.07435354958874335,0.02029811397472788,0.08215517621126563,0.04219301686123291,0.07779237824389565,0.04207406463219104,0.060876011106197836,0.028912545466741695,0.06632966900525686,0.05269984966200189,0.0730678952883905,0.08663319726913896,0.018341892125334748,0.08510432331628714,0.052686192232870896,0.02262565734433142,0.03886329525253134,0.054869364525967995,0.06791813235024721,0.024846150758025383,0.03463858247549291,0.032137006560350706,0.049315068136110654,0.02740802829606541,0.0,0.04176023241640601,0.05556308612724269,0.07716064142905034,0.06734428834820567,0.04116069992012822,0.05258395883189698,0.02620208547060466,0.06761097349433538,0.11272844102050675,0.06533939722841248
0.07450092325211972,0.08134088153654308,0.0931881163843318,0.043898740789260184,0.0675790144944877,0.04460151822749091,0.05115968743650978,0.0772653142782703,0.08384580993880104,0.05220980409146742,0.0522640163276394,0.07695500446754705,0.06672342369583863,0.04470772991590516,0.08079579034223622,0.04630466294498458,0.048484619707031947,0.05540691081530269,0.031037188412830752,0.048957121671743445,0.10743685149953362,0.10099390451829812,0.045601851597546414,0.05357298449232319,0.061996156039561434,0.04861399688218529,0.04361830816572403,0.08392081853351752,0.06261589257444415,0.0881481322898361,0.057821624390474856,0.06173698426627981,0.05589372386442255,0.036419119383294916,0.04107619491384131,0.07213900664741597,0.08688754269138195,0.033397008676578764,0.09646840034490148,0.05574156455715398,0.04820648681589556,0.015592552582642983,0.07393728421127145,0.04911658909970711,0.04239542253116375,0.027735730753395322,0.05963406661305212,0.04302802730120501,0.06204593612319928,0.04176023241640601,0.0,0.038648566817171916,0.08627329918598355,0.05195081713622859,0.03297893851907083,0.059837925241501784,0.042559817271165465,0.06600285842220441,0.14308246542448544,0.06701411720843324
0.03640578060060135,0.0655924510255468,0.09249159338486508,0.04195379652162049,0.03655430451620599,0.03939908744319809,0.05540103378326009,0.0946879261368632,0.032982518757824104,0.022125260134562928,0.03582089493905412,0.04848444054419447,0.06897672150625865,0.06196766348582037,0.055240858611238286,0.020431511710595502,0.03869641801066425,0.01881759198382764,0.025606377756922632,0.025682131315922577,0.1107458735486115,0.05661057324892664,0.014436146340418957,0.03457644634875073,0.09659061807538134,0.02710178799215047,0.04176822740883927,0.05062142540621738,0.03160533460611268,0.039811744637368175,0.040711909612290514,0.028064968546775867,0.06383997320905911,0.027525554060430377,0.05681379933571233,0.033905116360478556,0.045875239362266076,0.04535612357368576,0.04577565782853556,0.03266094720439443,0.044246945656087014,0.0384593856485406,0.03692939480388379,0.023061368946670987,0.03456551261555346,0.018491530296874874,0.04295105155333284,0.02482872507985978,0.05686129883602528,0.05556308612724269,0.038648566817171916,0.0,0.033480531315860776,0.023389675389403602,0.036606895971098924,0.03062365505811233,0.03883763336228203,0.01735756233473048,0.07817570674760942,0.022708362950440337
0.022806611052296262,0.07069138559412073,0.10366451396835026,0.050277833037542616,0.05349677178654148,0.045424803419489325,0.06573439272216977,0.12141685839847041,0.02441577346465755,0.023205776443806902,0.053307675019503294,0.04449124182868263,0.08790377293178105,0.09672858057997705,0.06080424640215268,0.03198315122467046,0.05188344967396137,0.024563274020996385,0.05668863992249015,0.04362407691430557,0.11981659593984048,0.026895621354872605,0.036514057821103,0.03871952548591439,0.14114325970144748,0.05768497104004249,0.05586224678147835,0.034504714487628194,0.03120248078333153,0.028853811196658655,0.04092854903761454,0.030773313396224508,0.0758672603450078,0.06623359313684724,0.07885846637095403,0.04042276302916883,0.027654659116546042,0.06427234882464965,0.023132253250798315,0.034735132211733334,0.053668090961598955,0.07760734385455845,0.027428938076947004,0.05691431973582294,0.049499150093121266,0.038610674302810996,0.03871388376338765,0.052691026819016065,0.06305915011247872,0.07716064142905034,0.08627329918598355,0.033480531315860776,0.0,0.059001071623879915,0.08550149021531722,0.029274364891105954,0.05665385535340877,0.021876482337553103,0.03957465961965673,0.014145797063865472
0.05161618337328759,0.05321294070390515,0.08513690805121393,0.054163202919526414,0.03297511371347475,0.07264697140658789,0.06706458161811547,0.08191545980471521,0.048706559828519805,0.0470261751988742,0.041973796527208874,0.06628731063526473,0.0682807042652809,0.053607691312308484,0.04627934071205121,0.029393149574582677,0.04318163886060071,0.04150962806389519,0.033354613210669265,0.029810888615735075,0.09648925132906123,0.08742813329685695,0.024674511280202018,0.055174867852101406,0.08409769388854534,0.026495984992233993,0.05044071677108511,0.05707905023819102,0.04150585778744302,0.0565008411001509,0.05447598075145882,0.03226006534329765,0.0785157013306548,0.03977868532241826,0.06194669974715335,0.03577851981447263,0.06486646911464942,0.05625238093946308,0.06844343316571076,0.04528174811695598,0.061412386536038845,0.04728768142114946,0.05536230215879448,0.006378006027137377,0.04657896175500615,0.028457509810975695,0.06492907966454263,0.023510370903874197,0.06445355087509994,0.06734428834820567,0.05195081713622859,0.023389675389403602,0.059001071623879915,0.0,0.03152300717078559,0.048997833837577505,0.049111052150874655,0.037771994380758116,0.09858490415328496,0.05115199568268655
0.0841828115112123,0.06480114055612055,0.06298577573684687,0.05772601461000615,0.042105063157028985,0.06715564826521217,0.05332014990753607,0.055758018800628695,0.0706449261246721,0.05833269325009743,0.03858926758243073,0.06562121090788078,0.04584024960548583,0.0325865988639105,0.057932183481716665,0.048237969169075606,0.03853056991790255,0.06174964480450547,0.024606589393388938,0.048114811809501744,0.07807059883288348,0.09538958756467858,0.04313343887539327,0.04867070191570862,0.05192782507197756,0.04391533820120607,0.038711598081969924,0.08575941673410727,0.0508282863076022,0.08185897145367328,0.057093441334373,0.049375632180801675,0.05900568690268598,0.03574823565777134,0.0635697967333659,0.05450642853665185,0.0968236986441359,0.043256819865489335,0.09847023332538354,0.06136899933903217,0.05085674767232792,0.032051467829273254,0.07212195291805641,0.03475095288884911,0.03349665498921329,0.030908950160364546,0.06338791928793885,0.027969715726302545,0.05950259805986812,0.04116069992012822,0.03297893851907083,0.036606895971098924,0.08550149021531722,0.03152300717078559,0.0,0.060516501807756015,0.03575899250284808,0.06283297987159964,0.1204962409364314,0.07227621374798146
0.04372509062427534,0.04423705232566675,0.08201795524062391,0.029242738498372285,0.05195953867870617,0.025743218201128525,0.04798511155620421,0.0905618093337427,0.029940604882515206,0.034431370623652514,0.02846991242667539,0.04045840086766306,0.0641820210504446,0.06020820304641122,0.038641209251011485,0.028882044658227437,0.034627186749642526,0.0353045722416261,0.04285953655939782,0.022208188419616685,0.09954212774764548,0.04181864835635338,0.02380974508695867,0.035392238860711474,0.10238861451887012,0.06824207808277269,0.040745917849346155,0.02739580980853909,0.019396761120829185,0.05132230943408385,0.04672153202053506,0.0412937808095918,0.0723902439755857,0.06382708025971706,0.04570509089497145,0.051108665403061956,0.04044233920405126,0.0436972916077288,0.024832216422902783,0.030543753572567965,0.036777602266333094,0.052022115828228375,0.023476969142417727,0.0485537201850713,0.03769943181831765,0.02311033976533704,0.028810263420441396,0.040812011435073514,0.034576102859126816,0.05258395883189698,0.059837925241501784,0.03062365505811233,0.029274364891105954,0.048997833837577505,0.060516501807756015,0.0,0.045646171514334324,0.02859265359327531,0.07629649816198418,0.024551804761225794
0.05875475529796904,0.06768990626480882,0.050396099212683114,0.04679142016772246,0.04927087707487711,0.05095448255639511,0.03099194616766568,0.050674689563824545,0.0547004118441248,0.039301038248749504,0.03329061373950104,0.03575436174705217,0.033155540464870153,0.05294061547449895,0.06393954275090198,0.03893154510720671,0.02344785515104966,0.047481060888384524,0.030026499979527208,0.05326607591898959,0.07588017331501318,0.05653257029768523,0.04035469818175667,0.01957991776299952,0.07390559728993266,0.05345853127401701,0.020582820165425553,0.06836974198990728,0.03848436064269632,0.05824985783204222,0.034725318878040055,0.03716459949284133,0.039202874048508043,0.047913238840107605,0.0683387374564644,0.04588809056615615,0.05935178226767499,0.015422342987271947,0.06827885375003018,0.04101708642066001,0.03237412707711652,0.038301634192363584,0.04685258646987497,0.04748370042353404,0.011416359956321584,0.025012666636860113,0.03715053284724709,0.03960148935376632,0.04055060776561313,0.02620208547060466,0.042559817271165465,0.03883763336228203,0.05665385535340877,0.049111052150874655,0.03575899250284808,0.045646171514334324,0.0,0.05091726351568209,0.07003042271091402,0.048784525079130794
0.025498366431085714,0.06980586995309317,0.09786564669580294,0.046775909307385434,0.03462603221262424,0.04856851972988746,0.063414888256099,0.10811518886321679,0.019668288821492668,0.021516443897177964,0.037207006925546585,0.03974644930835766,0.07527824688529171,0.08426124219952834,0.05935903463135936,0.0205873775851314,0.04704831808375932,0.014859316070440446,0.03719565431296023,0.03412498275736577,0.10321552154286405,0.042943307738107526,0.022135794823166133,0.03423378250358365,0.12630716585484275,0.04062694247953421,0.049255459803824606,0.045248027334758724,0.021552843130821984,0.026882757530962538,0.034361125325282384,0.026794130578117088,0.06662889726357184,0.04863503284826981,0.07129806698305204,0.029567495652072225,0.033303468570678986,0.05699327630581952,0.03497750439770179,0.026061806468078208,0.046395995153251844,0.0612565034866518,0.02548085265912756,0.035365138251455853,0.04186133958202527,0.0259154616225142,0.03887183302964455,0.0357560118047334,0.06113938155640631,0.06761097349433538,0.06600285842220441,0.01735756233473048,0.021876482337553103,0.037771994380758116,0.06283297987159964,0.02859265359327531,0.05091726351568209,0.0,0.05993549341664051,0.013475902014755282
0.050939153824480235,0.12372398741924143,0.1156625460748832,0.11105593447209205,0.07700837620464804,0.10918243249939748,0.09248617432822238,0.1423720253041291,0.046571019155786986,0.05140643014267469,0.0835211373461951,0.06283967513025195,0.10701576721530179,0.15360902491098874,0.11129063573572073,0.06685671753487306,0.08307741189886349,0.06457797559529081,0.09285041137251313,0.10211147982055277,0.13599931584458638,0.04654848576331828,0.08181880463716214,0.05934913337611562,0.19856819944402426,0.09039576168432363,0.07566993869163566,0.08858001114695262,0.06797218118969174,0.04800162939287568,0.06218503814783374,0.05079943418083163,0.10066046786170509,0.10172383837850078,0.16056186476556603,0.05308851447655856,0.05537256389999965,0.0950276850547143,0.06531080160777622,0.07001314595842938,0.08569364872622098,0.13533534750894383,0.05940332795656584,0.09819485360354925,0.06648093734671301,0.07967007095826617,0.07593640209716701,0.0895444957455726,0.10353586571024967,0.11272844102050675,0.14308246542448544,0.07817570674760942,0.03957465961965673,0.09858490415328496,0.1204962409364314,0.07629649816198418,0.07003042271091402,0.05993549341664051,0.0,0.05031931272697124
0.022648775027439772,0.07395226622889019,0.09847909395198894,0.04135761692333719,0.04453227285472326,0.036704244497546994,0.056928585089398194,0.11130886459218159,0.01967820661802895,0.01625597122268275,0.04078315492691528,0.03692201559617427,0.07840988368106053,0.0881036662824833,0.06469116366542593,0.021592516422589393,0.048744246417899185,0.018701159138058795,0.04175607149324121,0.03274174893328822,0.11028579086445171,0.030594460903337325,0.023701442681906652,0.029727140576476806,0.13134884939171287,0.050614527094070036,0.04621991773029611,0.04525785951409842,0.02410129470448378,0.02788603816363505,0.03419065552766918,0.02704500144972797,0.06264730252817748,0.05104803420974949,0.07132280850585394,0.0336088035629367,0.029434675486005247,0.05282496927967205,0.03214635477896087,0.024885020413275706,0.0450759937611942,0.06186899171734754,0.02016260861839991,0.04930028121899526,0.039746903280786366,0.02812390998762408,0.03136123812818803,0.04401692127842684,0.05539168354009393,0.06533939722841248,0.06701411720843324,0.022708362950440337,0.014145797063865472,0.05115199568268655,0.07227621374798146,0.024551804761225794,0.048784525079130794,0.013475902014755282,0.05031931272697124,0.0
